Symbol,Stock Name
AAKASH,Aakash Exploration Services Limited
AAREYDRUGS,Aarey Drugs & Pharmaceuticals Limited
AARNAV,Aarnav Fashions Limited
AARTIDRUGS,Aarti Drugs Limited
AARTIPHARM,Aarti Pharmalabs Limited
AARTISURF,Aarti Surfactants Limited
AASTHA,Aastha Spintex Limited
ACC,ACC Limited
ACCELYA,Accelya Solutions India Limited
ACE,Action Construction Equipment Limited
ACI,Archean Chemical Industries Limited
ACL,Andhra Cements Limited
ACSTECH,ACS Technologies Limited
ACUTAAS,Acutaas Chemicals Limited
ADL,Archidply Decor Limited
ADOR,Ador Welding Limited
ADVANCE,Advance Agrolife Limited
AEGISVOPAK,Aegis Vopak Terminals Limited
AEPL,Artemis Electricals and Projects Limited
AEQUS,Aequs Limited
AEROENTER,Aeroflex Enterprises Limited
AEROFLEX,Aeroflex Industries Limited
AETHER,Aether Industries Limited
AFCONS,Afcons Infrastructure Limited
AFFORDABLE,Affordable Robotic & Automation Limited
AGARIND,Agarwal Industrial Corporation Limited
AGARWALEYE,Dr. Agarwal's Health Care Limited
AGIIL,AGI Infra Limited
AGL,Allcargo Global Limited
AGROPHOS,Agro Phos (India) Limited
AHCL,Anlon Healthcare Limited
AJANTPHARM,Ajanta Pharma Limited
AJMERA,Ajmera Realty & Infra India Limited
AJOONI,Ajooni Biotech Limited
AKI,AKI India Limited
AKSHAR,Akshar Spintex Limited
AKSHARCHEM,AksharChem (India) Limited
AKUMS,Akums Drugs and Pharmaceuticals Limited
ALICON,Alicon Castalloy Limited
ALIVUS,Alivus Life Sciences Limited
ALKYLAMINE,Alkyl Amines Chemicals Limited
ALLCARGO,Allcargo Logistics Limited
AMBALALSA,Ambalal Sarabhai Enterprises Limited
AMBER,Amber Enterprises India Limited
AMBIKCO,Ambika Cotton Mills Limited
AMBUJACEM,Ambuja Cements Limited
AMNPLST,Amines & Plasticizers Limited
ANANTRAJ,Anant Raj Limited
ANDHRAPAP,Andhra Paper Limited
ANDHRSUGAR,The Andhra Sugars Limited
ANNAPURNA,Annapurna Swadisht Limited
ANSALAPI,Ansal Properties & Infrastructure Limited
ANTELOPUS,Antelopus Selan Energy Limited
ANTGRAPHIC,Antarctica Limited
ANUHPHR,Anuh Pharma Limited
ANURAS,Anupam Rasayan India Ltd
APARINDS,APAR Industries Limited
APCOTEXIND,Apcotex Industries Limited
APEX,Apex Frozen Foods Limited
APLAPOLLO,APL Apollo Tubes Limited
APLLTD,Alembic Pharmaceuticals Limited
APOLLO,Apollo Micro Systems Limited
APOLLOPIPE,Apollo Pipes Limited
APOLLOTYRE,Apollo Tyres Limited
ARIES,Aries Agro Limited
ARKADE,Arkade Developers Limited
ARTEMISMED,Artemis Medicare Services Limited
ARTNIRMAN,Art Nirman Limited
ARVEE,Arvee Laboratories (India) Ltd.
ARVIND,Arvind Limited
ARVSMART,Arvind SmartSpaces Limited
ASAHISONG,Asahi Songwon Colors Limited
ASAL,Automotive Stampings and Assemblies Limited
ASHAPURMIN,Ashapura Minechem Limited
ASHIANA,Ashiana Housing Limited
ASIANPAINT,Asian Paints Limited
ASIANTILES,Asian Granito India Limited
ASKAUTOLTD,ASK Automotive Limited
ASPINWALL,Aspinwall and Company Limited
ASTAR,Asian Star Company Limited
ASTERDM,Aster DM Quality Care Limited
ASTRAZEN,AstraZeneca Pharma India Limited
ATALREAL,Atal Realtech Limited
ATAM,Atam Valves Limited
ATGL,Adani Total Gas Limited
ATL,Allcargo Terminals Limited
ATLANTAELE,Atlanta Electricals Limited
ATLASCYCLE,Atlas Cycles (Haryana) Limited
ATUL,Atul Ltd
AUTOAXLES,Automotive Axles Limited
AVALON,Avalon Technologies Limited
AVANTEL,Avantel Limited
AVG,AVG Logistics Limited
AWL,AWL Agri Business Limited
AXISCADES,AXISCADES Technologies Limited
AYMSYNTEX,AYM Syntex Limited
BAFNAPH,Bafna Pharmaceuticals Limited
BAJAJELEC,Bajaj Electricals Limited
BAJAJHCARE,Bajaj HealthCare Limited
BAJAJST,Bajaj Steel Industries Limited
BALAMINES,Balaji Amines Limited
BALKRISIND,Balkrishna Industries Limited
BALMLAWRIE,Balmer Lawrie & Co. Ltd.
BALUFORGE,Balu Forge Industries Limited
BANARBEADS,Banaras Beads Limited
BANCOINDIA,Banco Products (India) Limited
BANG,Bang Overseas Limited
BANSALWIRE,Bansal Wire Industries Limited
BATAINDIA,Bata India Limited
BATLIBOI,Batliboi Limited
BAYERCROP,Bayer CropScience Limited
BBL,Bharat Bijlee Limited
BBOX,Black Box Limited
BEARDSELL,Beardsell Limited
BECTORFOOD,Mrs. Bectors Food Specialities Limited
BEEKAY,Beekay Steel Industries Limited
BELLACASA,Bella Casa Fashion & Retail Limited
BEPL,Bhansali Engineering Polymers Limited
BERGEPAINT,Berger Paints India Limited
BESTAGRO,Best Agrolife Limited
BETA,Beta Drugs Limited
BHAGCHEM,Bhagiradha Chemicals & Industries Limited
BHAGERIA,Bhageria Industries Limited
BHARATCOAL,Bharat Coking Coal Limited
BHARATGEAR,Bharat Gears Limited
BHARATRAS,Bharat Rasayan Limited
BHARATSE,Bharat Seats Limited
BHARATWIRE,Bharat Wire Ropes Limited
BHARTIARTL,Bharti Airtel Limited
BHARTIHEXA,Bharti Hexacom Limited
BHEL,Bharat Heavy Electricals Limited
BI,Bilcare Limited
BIKAJI,Bikaji Foods International Limited
BIL,Bhartiya International Ltd.
BIMETAL,Bimetal Bearings Limited
BIOCON,Biocon Limited
BIOFILCHEM,Biofil Chemicals and Pharmaceuticals Limited
BIRLACABLE,Birla Cable Limited
BIRLACORPN,Birla Corporation Limited
BIRLANU,BirlaNu Limited
BIRLAPREC,Birla Precision Technologies Limited
BLACKROSE,Black Rose Industries Limited
BLISSGVS,Bliss GVS Pharma Limited
BLKASHYAP,B.L. Kashyap and Sons Limited
BLUECHIP,Blue Chip India Limited
BLUEDART,Blue Dart Express Limited
BLUEJET,Blue Jet Healthcare Limited
BLUESTARCO,Blue Star Limited
BLUESTONE,BlueStone Jewellery and Lifestyle Limited
BONLON,Bonlon Industries Limited
BOROLTD,Borosil Limited
BOROSCI,Borosil Scientific Limited
BOSCH-HCIL,Bosch Home Comfort India Limited
BUILDPRO,Shankara Buildpro Limited
BUTTERFLY,Butterfly Gandhimathi Appliances Limited
BVCL,Barak Valley Cements Limited
CAMLINFINE,Camlin Fine Sciences Limited
CAMPUS,Campus Activewear Limited
CANTABIL,Cantabil Retail India Limited
CAPACITE,Capacit'e Infraprojects Limited
CAPLIPOINT,Caplin Point Laboratories Limited
CARBORUNIV,Carborundum Universal Limited
CARRARO,Carraro India Limited
CARYSIL,Carysil Limited
CEATLTD,CEAT Limited
CELLO,Cello World Limited
CEMPRO,Cemindia Projects Limited
CENTURYPLY,Century Plyboards (India) Limited
CEWATER,Concord Enviro Systems Limited
CHEMFAB,Chemfab Alkalis Limited
CHEMPLASTS,Chemplast Sanmar Limited
CIEINDIA,CIE Automotive India Limited
CINEVISTA,Cinevista Limited
CIPLA,Cipla Limited
CLEAN,Clean Science and Technology Limited
CLEDUCATE,CL Educate Limited
CLSEL,Chaman Lal Setia Exports Ltd.
CMSINFO,CMS Info Systems Limited
CNL,Creative Newtech Limited
COHANCE,Cohance Lifesciences Limited
CONCOR,Container Corporation of India Limited
CONCORDBIO,Concord Biotech Limited
CONFIPET,Confidence Petroleum India Limited
CONTROLPR,Control Print Limited
CORDSCABLE,Cords Cable Industries Limited
COROMANDEL,Coromandel International Limited
CORONA,CORONA Remedies Limited
COUNCODOS,Country Condo's Limited
CPL,Captain Polyplast Limited
CPPLUS,Aditya Infotech Limited
CROMPTON,Crompton Greaves Consumer Electricals Limited
CROWN,Crown Lifters Limited
CUBEXTUB,Cubex Tubings Limited
CYIENT,Cyient Limited
DALBHARAT,Dalmia Bharat Limited
DANGEE,Dangee Dums Limited
DATAPATTNS,Data Patterns (India) Limited
DBEIL,Deepak Builders & Engineers India Limited
DBL,Dilip Buildcon Limited
DCAL,Dishman Carbogen Amcis Limited
DCI,DC Infotech and Communication Limited
DCMSIL,DCM Shriram International Limited
DCW,DCW Limited
DDEVPLSTIK,Ddev Plastiks Industries Limited
DEEDEV,DEE Development Engineers Limited
DEEPAKNTR,Deepak Nitrite Limited
DELHIVERY,Delhivery Limited
DHANUKA,Dhanuka Agritech Limited
DHARMAJ,Dharmaj Crop Guard Limited
DIAMINESQ,Diamines and Chemicals Limited
DIAMONDYD,Prataap Snacks Limited
DICIND,DIC India Limited
DIFFNKG,Diffusion Engineers Limited
DIVISLAB,Divi's Laboratories Limited
DJML,DJ Mediaprint & Logistics Limited
DMART,Avenue Supermarts Limited
DMCC,DMCC Speciality Chemicals Limited
DODLA,Dodla Dairy Limited
DOLLAR,Dollar Industries Limited
DOMS,DOMS Industries Limited
DPABHUSHAN,D. P. Abhushan Limited
DPSCLTD,India Power Corporation Limited
DRAGARWQ,Dr. Agarwal's Eye Hospital Limited
DRCSYSTEMS,DRC Systems India Limited
DRREDDY,Dr. Reddy's Laboratories Limited
DSFCL,DCM Shriram Fine Chemicals Limited
DTIL,Dhunseri Tea & Industries Limited
DWARKESH,Dwarikesh Sugar Industries Limited
DYCL,Dynamic Cables Limited
DYNPRO,Dynemic Products Limited
EIDPARRY,E.I.D.- Parry (India) Limited
EIFFL,Euro India Fresh Foods Limited
EKC,Everest Kanto Cylinder Limited
ELECON,Elecon Engineering Company Limited
ELGIEQUIP,Elgi Equipments Limited
ELIN,Elin Electronics Limited
EMCURE,Emcure Pharmaceuticals Limited
EMIL,Electronics Mart India Limited
EMUDHRA,eMudhra Limited
ENDURANCE,Endurance Technologies Limited
EPACK,EPACK Durable Limited
EPACKPEB,EPack Prefab Technologies Limited
EPIGRAL,Epigral Limited
EPL,EPL Limited
ESABINDIA,ESAB India Limited
ETHOSLTD,Ethos Limited
EUROPRATIK,Euro Pratik Sales Limited
EVEREADY,Eveready Industries India Limited
EVERESTIND,Everest Industries Limited
EXCELINDUS,Excel Industries Limited
EXICOM,Exicom Tele-Systems Limited
EXIDEIND,Exide Industries Limited
EXXARO,Exxaro Tiles Limited
FABCLEAN,Fabtech Cleanrooms Limited
FACT,The Fertilisers and Chemicals Travancore Limited
FAIRCHEMOR,Fairchem Organics Limited
FAZE3Q,Faze Three Limited
FCL,Fineotex Chemical Limited
FERMENTA,Fermenta Biotech Limited
FIEMIND,Fiem Industries Limited
FILATEX,Filatex India Limited
FILATFASH,Filatex Fashions Limited
FIRSTCRY,Brainbees Solutions Limited
FLUOROCHEM,Gujarat Fluorochemicals Limited
FMGOETZE,Federal-Mogul Goetze (India) Limited
FMNL,Future Market Networks Limited
FOCUS,Focus Lighting and Fixtures Limited
FORCEMOT,Force Motors Limited
FORTIS,Fortis Healthcare Limited
FOSECOIND,Foseco India Limited
FRONTSP,Frontier Springs Limited
GAEL,Gujarat Ambuja Exports Limited
GALAPREC,Gala Precision Engineering Limited
GALAXYSURF,Galaxy Surfactants Limited
GALLANTT,Gallantt Ispat Limited
GANDHAR,Gandhar Oil Refinery (India) Limited
GANECOS,Ganesha Ecosphere Limited
GANESHBE,Ganesh Benzoplast Limited
GANESHCP,Ganesh Consumer Products Limited
GANESHHOU,Ganesh Housing Limited
GANGAFORGE,Ganga Forging Limited
GATEWAY,Gateway Distriparks Limited
GENCON,Generic Engineering Construction and Projects Limited
GENESYS,Genesys International Corporation Limited
GENUSPOWER,Genus Power Infrastructures Limited
GHCL,GHCL Limited
GHCLTEXTIL,GHCL Textiles Limited
GILLANDERS,Gillanders Arbuthnot and Company Limited
GINNIFILA,Ginni Filaments Limited
GIPCL,Gujarat Industries Power Company Limited
GKSL,Gujarat Kidney And Super Speciality Limited
GLENMARK,Glenmark Pharmaceuticals Limited
GLOBALVECT,Global Vectra Helicorp Limited
GLOSTERLTD,Gloster Limited
GMMPFAUDLR,GMM Pfaudler Limited
GNA,G N A Axles Limited
GOCOLORS,Go Fashion (India) Limited
GODREJAGRO,Godrej Agrovet Limited
GODREJCP,Godrej Consumer Products Limited
GOKEX,Gokaldas Exports Limited
GOKULAGRO,Gokul Agro Resources Limited
GOLDIAM,Goldiam International Limited
GOODYEAR,Goodyear India Limited
GOPAL,Gopal Snacks Limited
GPIL,Godawari Power & Ispat Limited
GPTHEALTH,GPT Healthcare Limited
GPTINFRA,GPT Infraprojects Limited
GRANULES,Granules India Limited
GREAVESCOT,Greaves Cotton Limited
GREENPANEL,Greenpanel Industries Limited
GRWRHITECH,Garware Hi-Tech Films Limited
GSLSU,Global Surfaces Limited
GSPCROP,GSP Crop Science Limited
GSS,GSS Infotech Limited
GUFICBIO,Gufic Biosciences Limited
GUJALKALI,Gujarat Alkalies and Chemicals Limited
GUJENERGY,Gujarat Energy Limited
GUJRAFFIA,Gujarat Raffia Industries Limited
GUJTHEM,Gujarat Themis Biosyn Limited
GULFOILLUB,Gulf Oil Lubricants India Limited
GULPOLY,Gulshan Polyols Limited
HAPPYFORGE,Happy Forgings Limited
HARDWYN,Hardwyn India Limited
HARRMALAYA,Harrisons Malayalam Limited
HARSHA,Harsha Engineers International Limited
HATSUN,Hatsun Agro Product Limited
HAVELLS,Havells India Limited
HAWKINCOOK,Hawkins Cookers Limited
HCG,HealthCare Global Enterprises Limited
HEG,HEG Advanced Materials Limited
HEIDELBERG,HeidelbergCement India Limited
HERANBA,Heranba Industries Limited
HERITGFOOD,Heritage Foods Limited
HESTERBIO,Hester Biosciences Limited
HEXAGON,Hexagon Nutrition Limited
HFCL,HFCL Limited
HIKAL,Hikal Limited
HILINFRA,Highway Infrastructure Limited
HILTON,Hilton Metal Forging Limited
HINDALCO,Hindalco Industries Limited
HINDCOPPER,Hindustan Copper Limited
HINDUNILVR,Hindustan Unilever Limited
HINDWAREAP,Hindware Home Innovation Limited
HITECH,Hi-Tech Pipes Limited
HITECHCORP,Hitech Corporation Limited
HITECHGEAR,The Hi-Tech Gears Limited
HLEGLAS,HLE Glascoat Limited
HMAAGRO,HMA Agro Industries Limited
HPAL,HP Adhesives Limited
HPIL,Hindprakash Industries Limited
HPL,HPL Electric & Power Limited
HSCL,Himadri Speciality Chemical Limited
HUBTOWN,Hubtown Limited
HUHTAMAKI,Huhtamaki India Limited
ICEMAKE,Ice Make Refrigeration Limited
IFBIND,IFB Industries Limited
IFGLEXPOR,IFGL Refractories Limited
IGARASHI,Igarashi Motors India Limited
IGCL,Indogulf Cropsciences Limited
IGL,Indraprastha Gas Limited
IGPL,I G Petrochemicals Limited
IKIO,IKIO Technologies Limited
IKS,Inventurus Knowledge Solutions Limited
IMFA,Indian Metals and Ferro Alloys Limited
INCREDIBLE,Incredible Industries Limited
INDGN,Indegene Limited
INDIACEM,The India Cements Limited
INDIGOPNTS,Indigo Paints Limited
INDNIPPON,India Nippon Electricals Limited
INDOMIM,INDO-MIM Limited
INDOTECH,Indo Tech Transformers Limited
INDOUS,Indo Us Bio-Tech Limited
INDOWIND,Indowind Energy Limited
INDTERRAIN,Indian Terrain Fashions Limited
INGERRAND,Ingersoll-Rand (India) Limited
INNOVACAP,Innova Captab Limited
INOXINDIA,INOX India Limited
INOXWIND,Inox Wind Limited
INSECTICID,Insecticides (India) Limited
INTERARCH,Interarch Building Solutions Limited
INVPRECQ,Investment & Precision Castings Limited
IONEXCHANG,Ion Exchange (India) Limited
IPCALAB,Ipca Laboratories Limited
IPL,India Pesticides Limited
IRISDOREME,Iris Clothings Limited
IRMENERGY,IRM Energy Limited
ISFT,IntraSoft Technologies Limited
ISGEC,Isgec Heavy Engineering Limited
ITI,ITI Limited
IVP,IVP Limited
IWP,The Indian Wood Products Company Limited
IZMO,IZMO Limited
JAIBALAJI,Jai Balaji Industries Limited
JAIPURKURT,Nandani Creation Limited
JAMNAAUTO,Jamna Auto Industries Limited
JASH,Jash Engineering Limited
JAYAGROGN,Jayant Agro-Organics Limited
JGCHEM,J.G. Chemicals Limited
JINDALSAW,Jindal Saw Limited
JINDRILL,Jindal Drilling & Industries Limited
JKCEMENT,J.K. Cement Limited
JKIL,J. Kumar Infraprojects Limited
JKLAKSHMI,JK Lakshmi Cement Limited
JKTYRE,JK Tyre & Industries Limited
JLHL,Jupiter Life Line Hospitals Limited
JOCIL,Jocil Limited
JPPOWER,Jaiprakash Power Ventures Limited
JSWCEMENT,JSW Cement Limited
JSWDULUX,JSW Dulux Limited
JTLIND,JTL Industries Limited
JWL,Jupiter Wagons Limited
JYOTICNC,Jyoti CNC Automation Limited
KABRAEXTRU,Kabra Extrusiontechnik Limited
KAJARIACER,Kajaria Ceramics Limited
KALAMANDIR,Sai Silks (Kalamandir) Limited
KALYANIFRG,Kalyani Forge Limited
KALYANKJIL,Kalyan Jewellers India Limited
KAMOPAINTS,Kamdhenu Ventures Limited
KANCHI,Kanchi Karpooram Limited
KANPRPLA,Kanpur Plastipack Limited
KANSAINER,Kansai Nerolac Paints Limited
KAYNES,Kaynes Technology India Limited
KCP,The KCP Limited
KDDL,KDDL Limited
KECL,Kirloskar Electric Company Limited
KEEPLEARN,DSJ Keep Learning Limited
KEI,KEI Industries Limited
KENNAMET,Kennametal India Limited
KERNEX,Kernex Microsystems (India) Limited
KESORAMIND,Kesoram Industries Limited
KHADIM,Khadim India Limited
KHAITANLTD,Khaitan (India) Limited
KINGFA,Kingfa Science & Technology (India) Limited
KIRLFER,Kirloskar Ferrous Industries Limited
KIRLOSBROS,Kirloskar Brothers Limited
KIRLOSIND,Kirloskar Industries Limited
KIRLPNU,Kirloskar Pneumatic Company Limited
KKCL,Kewal Kiran Clothing Limited
KLBRENG-B,Kilburn Engineering Limited
KNACK,Knack Packaging Limited
KNAGRI,KN Agri Resources Limited
KOKUYOCMLN,Kokuyo Camlin Limited
KOTIC,Kothari Industrial Corporation Limited
KPEL,K.P. Energy Limited
KPIGREEN,KPI Green Energy Limited
KPRMILL,K.P.R. Mill Limited
KRBL,KRBL Limited
KRISHANA,Krishana Phoschem Limited
KRISHIVAL,Krishival Foods Limited
KRITI,Kriti Industries (India) Limited
KRITINUT,Kriti Nutrients Limited
KRN,KRN Heat Exchanger and Refrigeration Limited
KROSS,Kross Limited
KRSNAA,Krsnaa Diagnostics Limited
KSB,KSB Limited
KSCL,Kaveri Seed Company Limited
KSHITIJPOL,Kshitij Polyline Limited
KSL,Kalyani Steels Limited
KUSUMGAR,Kusumgar Limited
LAMBODHARA,Lambodhara Textiles Limited
LANDMARK,Landmark Cars Limited
LASA,Lasa Supergenerics Limited
LASERPOWER,Laser Power & Infra Limited
LATTEYS,Latteys Industries Limited
LAURUSLABS,Laurus Labs Limited
LCL,Lohia Corp Limited
LIBERTSHOE,Liberty Shoes Ltd.
LIKHITHA,Likhitha Infrastructure Limited
LINC,Linc Limited
LINDEINDIA,Linde India Limited
LODHA,Lodha Developers Limited
LOKESHMACH,Lokesh Machines Limited
LOTUSDEV,Sri Lotus Developers and Realty Limited
LOTUSEYE,Lotus Eye Hospital and Institute Limited
LTFOODS,LT Foods Limited
LUPIN,Lupin Limited
LUXIND,Lux Industries Limited
LXCHEM,Laxmi Organic Industries Limited
LYKALABS,Lyka Labs Limited
MAANALU,Maan Aluminium Limited
MACPOWER,Macpower CNC Machines Limited
MADHAVIPL,Madhav Infra Projects Limited
MAHASTEEL,Mahamaya Steel Industries Limited
MAHLIFE,Mahindra Lifespace Developers Limited
MAHLOG,Mahindra Logistics Limited
MALLCOM,Mallcom (India) Limited
MAMATA,Mamata Machinery Limited
MANAKCOAT,Manaksia Coated Metals & Industries Limited
MANALIPETC,Manali Petrochemicals Limited
MANGALAM,Mangalam Drugs & Organics Limited
MANINDS,Man Industries (India) Limited
MANKIND,Mankind Pharma Limited
MARICO,Marico Limited
MARINE,Marine Electricals (India) Limited
MAXHEALTH,Max Healthcare Institute Limited
MBEL,M & B Engineering Limited
MCL,M Tek Copper Limited
MEDANTA,Global Health Limited
MEDICAMEQ,Medicamen Biotech Limited
MEDICO,Medico Remedies Limited
MEDPLUS,MedPlus Health Services Limited
MENNPIS,Menon Pistons Limited
MENONBE,Menon Bearings Limited
MEP,MEP Infrastructure Developers Limited
MERCURYEV,Mercury Ev-Tech Limited
METROBRAND,Metro Brands Limited
MFML,Mahalaxmi Fabric Mills Limited
MGEL,Mangalam Global Enterprise Limited
MHLXMIRU,Mahalaxmi Rubtech Limited
MICEL,MIC Electronics Limited
MIDHANI,Mishra Dhatu Nigam Limited
MIDWESTLTD,Midwest Limited
MIRZAINT,Mirza International Limited
MKPL,M. K. Proteins Limited
MMP,MMP Industries Limited
MODIS,Modi's Navnirman Limited
MODTHREAD,Modern Threads (India) Limited
MOIL,MOIL Limited
MOKSH,Moksh Ornaments Limited
MOL,Meghmani Organics Limited
MOLDTECH,Mold-Tek Technologies Limited
MOLDTKPAC,Mold-Tek Packaging Limited
MONTECARLO,Monte Carlo Fashions Limited
MOREPENLAB,Morepen Laboratories Limited
MOSCHIP,MosChip Technologies Limited
MOTHERSON,Samvardhana Motherson International Limited
MOTISONS,Motisons Jewellers Limited
MPSLTD,MPS Limited
MRF,MRF Limited
MRPL,Mangalore Refinery and Petrochemicals Limited
MSPL,MSP Steel & Power Limited
MSUMI,Motherson Sumi Wiring India Limited
MUFTI,Credo Brands Marketing Limited
MURUDCERA,Murudeshwar Ceramics Ltd.
MWL,Mangalam Worldwide Limited
NACLIND,NACL Industries Limited
NARMADA,Narmada Agrobase Limited
NATHBIOGEN,Nath Bio-Genes (India) Limited
NAVA,Nava Limited
NAVINFLUOR,Navin Fluorine International Limited
NAVKARCORP,Navkar Corporation Limited
NAVNETEDUL,Navneet Education Limited
NCLIND,NCL Industries Limited
NDL,Nandan Denim Limited
NDRAUTO,NDR Auto Components Limited
NECLIFE,Nectar Lifesciences Limited
NELCAST,Nelcast Limited
NELCO,Nelco Limited
NEPHROPLUS,Nephrocare Health Services Limited
NETWEB,Netweb Technologies India Limited
NEULANDLAB,Neuland Laboratories Limited
NFL,National Fertilizers Limited
NGIL,Nakoda Group of Industries Limited
NIITMTS,NIIT Learning Systems Limited
NILE,Nile Limited
NILKAMAL,Nilkamal Limited
NIPPOBATRY,Indo National Limited
NITCO,NITCO Limited
NITIRAJ,Nitiraj Engineers Limited
NITTAGELA,Nitta Gelatin India Limited
NOCIL,NOCIL Limited
NORBTEAEXP,Norben Tea & Exports Limited
NOVAAGRI,Nova Agritech Limited
NRBBEARING,NRB Bearings Limited
NRL,Nupur Recyclers Limited
NSLNISP,NMDC Steel Limited
OIL,Oil India Limited
OILCOUNTUB,Oil Country Tubular Limited
OLECTRA,Olectra Greentech Limited
OMAXE,Omaxe Limited
OMFREIGHT,Om Freight Forwarders Limited
OMINFRAL,Om Infra Limited
ONESOURCE,OneSource Specialty Pharma Limited
ONWARDTEC,Onward Technologies Limited
OPTIEMUS,Optiemus Infracom Limited
ORBTEXP,Orbit Exports Limited
ORCHPHARMA,Orchid Pharma Limited
ORIENTBELL,Orient Bell Limited
ORIENTCEM,Orient Cement Limited
ORIENTCER,Orient Ceratech Limited
ORIENTELEC,Orient Electric Limited
ORIENTPPR,Orient Paper & Industries Limited
OSIAHYPER,Osia Hyper Retail Limited
OSWALPUMPS,Oswal Pumps Limited
PAGEIND,Page Industries Limited
PAKKA,Pakka Limited
PANACEABIO,Panacea Biotec Limited
PANACHE,Panache Digilife Limited
PARACABLES,Paramount Communications Limited
PARAGMILK,Parag Milk Foods Limited
PARKHOSPS,Park Medi World Limited
PASUPTAC,Pasupati Acrylon Limited
PATELENG,Patel Engineering Limited
PATINTLOG,Patel Integrated Logistics Limited
PAUSHAKLTD,Paushak Limited
PAVNAIND,Pavna Industries Limited
PCJEWELLER,PC Jeweller Limited
PDSL,PDS Limited
PENIND,Pennar Industries Limited
PGEL,PG Electroplast Limited
PGHL,Procter & Gamble Health Limited
PGIL,Pearl Global Industries Limited
PIIND,PI Industries Limited
PILITA,Pil Italica Lifestyle Limited
PITTIENG,Pitti Engineering Limited
PIXTRANS,PIX Transmissions Limited
PLASTIBLEN,Plastiblends India Limited
PLAZACABLE,Plaza Wires Limited
PNGJL,P N Gadgil Jewellers Limited
POCL,Pondy Oxides And Chemicals Limited
PODDARMENT,Poddar Pigments Limited
POKARNA,Pokarna Limited
POLYCAB,Polycab India Limited
POLYMED,Poly Medicure Limited
POLYPLEX,Polyplex Corporation Limited
POWERICA,Powerica Limited
PPAP,PPAP Automotive Limited
PPL,Prakash Pipes Limited
PPLPHARMA,Piramal Pharma Limited
PRADPME,Pradeep Metals Limited
PRAKASH,Prakash Industries Limited
PRAKASHSTL,Prakash Steelage Limited
PRECWIRE,Precision Wires India Limited
PREMIERPOL,Premier Polyfilm Ltd.
PRICOLLTD,Pricol Limited
PRIMO,Primo Chemicals Limited
PRINCEPIPE,Prince Pipes and Fittings Limited
PROSTARM,Prostarm Info Systems Limited
PRSMJOHNSN,Prism Johnson Limited
PSPPROJECT,PSP Projects Limited
PUNJABCHEM,Punjab Chemicals and Crop Protection Limited
PURVA,Puravankara Limited
PWL,Physicswallah Limited
PYRAMID,Pyramid Technoplast Limited
QMSMEDI,QMS Medical Allied Services Limited
RADHIKAJWE,Radhika Jeweltech Limited
RAINBOW,Rainbow Children's Medicare Limited
RAJOOENG,Rajoo Engineers Limited
RAJRATAN,Rajratan Global Wire Limited
RALLIS,Rallis India Limited
RAMAPHO,Rama Phosphates Limited
RAMASTEEL,Rama Steel Tubes Limited
RAMCOCEM,The Ramco Cements Limited
RAMCOIND,Ramco Industries Limited
RAMRAT,Ram Ratna Wires Limited
RANEHOLDIN,Rane Holdings Limited
RATNAMANI,Ratnamani Metals & Tubes Limited
RATNAVEER,Ratnaveer Precision Engineering Limited
RAYMONDLSL,Raymond Lifestyle Limited
RAYMONDREL,Raymond Realty Limited
RBZJEWEL,RBZ Jewellers Limited
RCF,Rashtriya Chemicals and Fertilizers Limited
REDINGTON,Redington Limited
RELAXO,Relaxo Footwears Limited
RELTD,Ravindra Energy Limited
REMSONSIND,Remsons Industries Limited
RETAIL,JHS Svendgaard Retail Ventures Limited
RGL,Renaissance Global Limited
RHETAN,Rhetan TMT Limited
RHIM,RHI Magnesita India Limited
RIIL,Reliance Industrial Infrastructure Limited
RIR,Rir Power Electronics Limited
RISHABH,Rishabh Instruments Limited
RKFORGE,Ramkrishna Forgings Limited
RMC,RMC Switchgears Limited
RMDRIP,R M Drip and Sprinklers Systems Limited
RML,Rane (Madras) Limited
RNBDENIMS,R & B Denims Limited
ROLEXRINGS,Rolex Rings Limited
ROSSARI,Rossari Biotech Limited
ROTO,Roto Pumps Limited
ROUTE,Route Mobile Limited
RPEL,Raghav Productivity Enhancers Limited
RPGLIFE,RPG Life Sciences Limited
RPPL,Rajshree Polypack Limited
RPTECH,Rashi Peripherals Limited
RRIL,RRIL Limited
RRKABEL,R R Kabel Limited
RSL,Rajputana Stainless Limited
RSSOFTWARE,R S Software (India) Limited
RUBFILA,Rubfila International Limited
RUBYMILLS,The Ruby Mills Limited
RUCHIRA,Ruchira Papers Limited
RUPA,Rupa & Company Limited
RUSHIL,Rushil Décor Limited
RUSTOMJEE,Keystone Realtors Limited
S&SPOWER,S&S Power Switchgear Limited
SAATVIKGL,Saatvik Green Energy Limited
SAFARI,Safari Industries (India) Limited
SAGARDEEP,Sagardeep Alloys Limited
SAHYADRI,Sahyadri Industries Limited
SAIL,Steel Authority of India Limited
SAILIFE,Sai Life Sciences Limited
SAIPARENT,Sai Parenteral's Limited
SAKAR,Sakar Healthcare Limited
SALASAR,Salasar Techno Engineering Limited
SANATHAN,Sanathan Textiles Limited
SANDHAR,Sandhar Technologies Limited
SANGINITA,Agastya Energy and Infrastructure Limited
SANOFI,Sanofi India Limited
SANSERA,Sansera Engineering Limited
SANSTAR,Sanstar Limited
SARDAEN,Sarda Energy & Minerals Limited
SASKEN,Sasken Technologies Limited
SATIA,Satia Industries Limited
SAURASHCEM,Saurashtra Cement Limited
SBCL,Shivalik Bimetal Controls Limited
SCANSTL,Scan Steels Limited
SCHAEFFLER,Schaeffler India Limited
SCHAND,S Chand And Company Limited
SCHNEIDER,Schneider Electric Infrastructure Limited
SCPL,Sheetal Cool Products Limited
SEAMECLTD,Seamec Limited
SEDEMAC,SEDEMAC Mechatronics Limited
SEJALLTD,Sejal Glass Limited
SENORES,Senores Pharmaceuticals Limited
SERVOTECH,Servotech Renewable Power System Limited
SETL,Standard Engineering Technology Limited
SFL,Sheela Foam Limited
SGIL,Synergy Green Industries Limited
SGL,STL Global Limited
SHADOWFAX,Shadowfax Technologies Limited
SHAILY,Shaily Engineering Plastics Limited
SHAKTIPUMP,Shakti Pumps (India) Limited
SHALBY,Shalby Limited
SHALPAINTS,Shalimar Paints Limited
SHANKARA,Shankara Building Products Limited
SHANTIGEAR,Shanthi Gears Limited
SHARDACROP,Sharda Cropchem Limited
SHILPAMED,Shilpa Medicare Limited
SHIVALIK,Shivalik Rasayan Limited
SHIVAUM,Shiv Aum Steels Limited
SHK,S H Kelkar and Company Limited
SHOPERSTOP,Shoppers Stop Limited
SHREDIGCEM,Shree Digvijay Cement Company Limited
SHREEPUSHK,Shree Pushkar Chemicals & Fertilisers Limited
SHREERAMA,Shree Rama Multi-Tech Limited
SHRIKRISH,Shri Krishna Devcon Limited
SHRINGARMS,Shringar House of Mangalsutra Limited
SHRIPISTON,SPR Auto Technologies Limited
SHRIRAMPPS,Shriram Properties Limited
SHUKRAPHAR,Shukra Pharmaceuticals Limited
SICAGEN,Sicagen India Limited
SIEMENS,Siemens Limited
SIGACHI,Sigachi Industries Limited
SIGNATURE,Signatureglobal (India) Limited
SIKKO,Sikko Industries Limited
SIL,Standard Industries Limited
SILGO,Silgo Retail Limited
SINGERIND,Singer India Limited
SINTERCOM,Sintercom India Limited
SIRCA,Sirca Paints India Limited
SIS,SIS Limited
SIYSIL,Siyaram Silk Mills Limited
SKFINDIA,SKF India Limited
SKFINDUS,SKF India (Industrial) Limited
SKIPPER,Skipper Limited
SKMEGGPROD,SKM Egg Products Export (India) Limited
SMLMAH,SML Mahindra Limited
SMLT,Sarthak Metals Limited
SMSPHARMA,SMS Pharmaceuticals Limited
SNOWMAN,Snowman Logistics Limited
SOBHA,Sobha Limited
SOFTTECH,SoftTech Engineers Limited
SOLARINDS,Solar Industries India Limited
SOLARWORLD,Solarworld Energy Solutions Limited
SOLEX,Solex Energy Limited
SOMANYCERA,Somany Ceramics Limited
SOMICONVEY,Somi Conveyor Beltings Limited
SONACOMS,Sona BLW Precision Forgings Limited
SOUTHWEST,South West Pinnacle Exploration Limited
SPAL,S.P. Apparels Limited
SPIC,Southern Petrochemical Industries Corporation Limited
SPLPETRO,Supreme Petrochem Limited
SPORTKING,Sportking India Limited
SRF,SRF Limited
SRM,SRM Contractors Limited
SRTL,Shree Ram Twistex Limited
SSDL,Saraswati Saree Depot Limited
SSWL,Steel Strips Wheels Limited
STALLION,Stallion India Fluorochemicals Limited
STANLEY,Stanley Lifestyles Limited
STAR,Strides Pharma Science Limited
STARCEMENT,Star Cement Limited
STEELCAS,Steelcast Limited
STERTOOLS,Sterling Tools Limited
STLTECH,Sterlite Technologies Limited
STOVEKRAFT,Stove Kraft Limited
STUDDS,Studds Accessories Limited
STYLEBAAZA,Baazar Style Retail Limited
SUBROS,Subros Limited
SUDEEPPHRM,Sudeep Pharma Limited
SUMEETINDS,Sumeet Industries Limited
SUMIT,Sumit Woods Limited
SUNDARAM,Sundaram Multi Pap Limited
SUNDRMBRAK,Sundaram Brake Linings Limited
SUNDRMFAST,Sundram Fasteners Limited
SUNFLAG,Sunflag Iron and Steel Company Limited
SUNPHARMA,Sun Pharmaceutical Industries Limited
SUPRAJIT,Suprajit Engineering Limited
SUPREMEIND,The Supreme Industries Limited
SUPRIYA,Supriya Lifescience Limited
SURAJEST,Suraj Estate Developers Limited
SURAJLTD,Suraj Limited
SURAKSHA,Suraksha Diagnostic Limited
SURYAROSNI,Surya Roshni Limited
SUYOG,Suyog Telematics Limited
SUZLON,Suzlon Energy Limited
SWANCORP,Swan Corp Limited
SWARAJENG,Swaraj Engines Limited
SYMPHONY,Symphony Limited
SYNCOMF,Syncom Formulations (India) Limited
SYNGENE,Syngene International Limited
TALBROAUTO,Talbros Automotive Components Limited
TANLA,Tanla Platforms Limited
TARACHAND,Tara Chand Infralogistic Solutions Limited
TARIL,Transformers and Rectifiers (India) Limited
TARMAT,Tarmat Limited
TARSONS,Tarsons Products Limited
TASTYBITE,Tasty Bite Eatables Limited
TATACHEM,Tata Chemicals Limited
TATACONSUM,Tata Consumer Products Limited
TATASTEEL,Tata Steel Limited
TATATECH,Tata Technologies Limited
TATVA,Tatva Chintan Pharma Chem Limited
TCI,Transport Corporation of India Limited
TCIEXP,TCI Express Limited
TDPOWERSYS,TD Power Systems Limited
TEGA,Tega Industries Limited
TEXMOPIPES,Texmo Pipes and Products Limited
TEXRAIL,Texmaco Rail & Engineering Limited
TFL,Transwarranty Finance Limited
THEMISMED,Themis Medicare Limited
THERMAX,Thermax Limited
THOMASCOTT,Thomas Scott (India) Limited
THYROCARE,Thyrocare Technologies Limited
TI,Tilaknagar Industries Ltd.
TICL,Twamev Construction and Infrastructure Limited
TIINDIA,Tube Investments of India Limited
TIL,TIL Limited
TIMETECHNO,Time Technoplast Limited
TIMEX,Timex Group India Limited
TIMKEN,Timken India Limited
TIRUPATIFL,Tirupati Forge Limited
TITAGARH,Titagarh Rail Systems Limited
TNPETRO,Tamilnadu Petroproducts Limited
TNPL,Tamil Nadu Newsprint and Papers Limited
TOKYOPLAST,Tokyo Plast International Limited
TOLINS,Tolins Tyres Limited
TORNTPOWER,Torrent Power Limited
TPLPLASTEH,TPL Plastech Limited
TRANSPEK,Transpek Industry Limited
TRENT,Trent Limited
TRIDENT,Trident Limited
TTKPRESTIG,TTK Prestige Limited
TTL,T.T. Limited
TVSELECT,TVS Electronics Limited
TVSSCS,TVS Supply Chain Solutions Limited
TVSSRICHAK,TVS Srichakra Limited
UCAL,UCAL Limited
UNICHEMLAB,Unichem Laboratories Limited
UNIDT,United Drilling Tools Limited
UNIECOM,Unicommerce eSolutions Limited
UNIINFO,Uniinfo Telecom Services Limited
UNIPARTS,Uniparts India Limited
UNOMINDA,Uno Minda Limited
UPL,UPL Limited
URJA,Urja Global Limited
USK,Udayshivakumar Infra Limited
VADILALIND,Vadilal Industries Limited
VAIBHAVGBL,Vaibhav Global Limited
VALIANTLAB,Valiant Laboratories Limited
VALIANTORG,Valiant Organics Limited
VARDMNPOLY,Vardhman Polytex Limited
VASCONEQ,Vascon Engineers Limited
VCL,Vaxtex Cotfab Limited
VENUSPIPES,Venus Pipes and Tubes Limited
VERANDA,Veranda Learning Solutions Limited
VESUVIUS,Vesuvius India Limited
VETO,Veto Switchgears and Cables Limited
VGL,Varvee Global Limited
VGUARD,V-Guard Industries Limited
VIDHIING,Vidhi Specialty Food Ingredients Limited
VIJAYA,Vijaya Diagnostic Centre Limited
VIKRAMSOLR,Vikram Solar Limited
VIMTALABS,Vimta Labs Limited
VINATIORGA,Vinati Organics Limited
VIPCLOTHNG,VIP Clothing Limited
VISAKAIND,Visaka Industries Limited
VITAL,Vital Chemtech Limited
VIYASH,Viyash Scientific Limited
VMART,V-Mart Retail Limited
VMM,Vishal Mega Mart Limited
VOEPL,Virtuoso Optoelectronics Limited
VOLTAS,Voltas Limited
VRLLOG,VRL Logistics Limited
VSSL,Vardhman Special Steels Limited
VTL,Vardhman Textiles Limited
WAAREERTL,Waaree Renewable Technologies Limited
WAKEFIT,Wakefit Innovations Limited
WALCHANNAG,Walchandnagar Industries Limited
WEBELSOLAR,Websol Energy System Limited
WEIZMANIND,Weizmann Limited
WEL,Wonder Electricals Limited
WELCORP,Welspun Corp Limited
WELSPLSOL,Welspun Specialty Solutions Limited
WELSPUNLIV,Welspun Living Limited
WENDT,Wendt (India) Limited
WHEELS,Wheels India Limited
WINDLAS,Windlas Biotech Limited
WINDMACHIN,Windsor Machines Limited
WIPL,The Western India Plywoods Limited
WOCKPHARMA,Wockhardt Limited
WORTHPERI,Worth Peripherals Limited
WSI,W.S. Industries (India) Limited
XPROINDIA,Xpro India Limited
YATHARTH,Yatharth Hospital & Trauma Care Services Limited
YUKEN,Yuken India Limited
ZFSTEERING,ZF Steering Gear (India) Limited
ZIMLAB,ZIM Laboratories Limited
ZODIACLOTH,Zodiac Clothing Company Limited
ZOTA,Zota Health Care Limited
ZUARI,Zuari Agro Chemicals Limited
ZYDUSLIFE,Zydus Lifesciences Limited
ZYDUSWELL,Zydus Wellness Limited
AARTECH,Aartech Solonics Limited
ALEMBICLTD,Alembic Limited
BELRISE,Belrise Industries Limited
CASTROLIND,Castrol India Limited
DIVGIITTS,Divgi TorqTransfer Systems Limited
EMAMIPAP,Emami Paper Mills Limited
ENGINERSIN,Engineers India Limited
HALDYNGL,Haldyn Glass Limited
INDOAMIN,Indo Amines Limited
INDOBORAX,Indo Borax & Chemicals Limited
INDSWFTLAB,Ind-Swift Laboratories Limited
MANAKSTEEL,Manaksia Steels Limited
OAL,Oriental Aromatics Limited
OCCLLTD,OCCL Limited
PRIVISCL,Privi Speciality Chemicals Limited
QPOWER,Quality Power Electrical Equipments Limited
SUNTV,Sun TV Network Limited
SYRMA,Syrma SGS Technology Limited
THELEELA,Leela Palaces Hotels & Resorts Limited
UTTAMSUGAR,Uttam Sugar Mills Limited
KILITCH,Kilitch Drugs (India) Limited
